"full_name","full_address"
"Jared Ely","1003 Qinhuangdao Street, , West Java, Purwakarta, 25972, Indonesia"
"Mary Smith","1913 Hanoi Way, , Nagasaki, Sasebo, 35200, Japan"
"Patricia Johnson","1121 Loja Avenue, , California, San Bernardino, 17886, United States"
"Linda Williams","692 Joliet Street, , Attika, Athenai, 83579, Greece"
"Barbara Jones","1566 Inegl Manor, , Mandalay, Myingyan, 53561, Myanmar"
"Elizabeth Brown","53 Idfu Parkway, , Nantou, Nantou, 42399, Taiwan"
"Jennifer Davis","1795 Santiago de Compostela Way, , Texas, Laredo, 18743, United States"
"Maria Miller","900 Santiago de Compostela Parkway, , Central Serbia, Kragujevac, 93896, Yugoslavia"
"Susan Wilson","478 Joliet Way, , Hamilton, Hamilton, 77948, New Zealand"
"Margaret Moore","613 Korolev Drive, , Masqat, Masqat, 45844, Oman"
"Dorothy Taylor","1531 Sal Drive, , Esfahan, Esfahan, 53628, Iran"
"Lisa Anderson","1542 Tarlac Parkway, , Kanagawa, Sagamihara, 1027, Japan"
"Nancy Thomas","808 Bhopal Manor, , Haryana, Yamuna Nagar, 10672, India"
"Karen Jackson","270 Amroha Parkway, , Osmaniye, Osmaniye, 29610, Turkey"
"Betty White","770 Bydgoszcz Avenue, , California, Citrus Heights, 16266, United States"
"Helen Harris","419 Iligan Lane, , Madhya Pradesh, Bhopal, 72878, India"
"Sandra Martin","360 Toulouse Parkway, , England, Southend-on-Sea, 54308, United Kingdom"
"Donna Thompson","270 Toulon Boulevard, , Kalmykia, Elista, 81766, Russian Federation"
"Carol Garcia","320 Brest Avenue, , Kaduna, Kaduna, 43331, Nigeria"
"Ruth Martinez","1417 Lancaster Avenue, , Northern Cape, Kimberley, 72192, South Africa"
"Sharon Robinson","1688 Okara Way, , Nothwest Border Prov, Mardan, 21954, Pakistan"
"Michelle Clark","262 A Corua (La Corua) Parkway, , Dhaka, Tangail, 34418, Bangladesh"
"Laura Rodriguez","28 Charlotte Amalie Street, , Rabat-Sal-Zammour-Z, Sal, 37551, Morocco"
"Sarah Lewis","1780 Hino Boulevard, , Liepaja, Liepaja, 7716, Latvia"
"Kimberly Lee","96 Tafuna Way, , Crdoba, Crdoba, 99865, Argentina"
"Deborah Walker","934 San Felipe de Puerto Plata Street, , Sind, Shikarpur, 99780, Pakistan"
"Jessica Hall","18 Duisburg Boulevard, , , Citt del Vaticano, 58327, Holy See (Vatican City State)"
"Shirley Allen","217 Botshabelo Place, , Southern Mindanao, Davao, 49521, Philippines"
"Cynthia Young","1425 Shikarpur Manor, , Bihar, Munger (Monghyr), 65599, India"
"Angela Hernandez","786 Aurora Avenue, , Yamaguchi, Shimonoseki, 65750, Japan"
"Melissa King","1668 Anpolis Street, , Taipei, Lungtan, 50199, Taiwan"
"Brenda Wright","33 Gorontalo Way, , West Bengali, Kamarhati, 30348, India"
"Amy Lopez","176 Mandaluyong Place, , Uttar Pradesh, Jhansi, 65213, India"
"Anna Hill","127 Purnea (Purnia) Manor, , Piemonte, Alessandria, 79388, Italy"
"Rebecca Scott","61 Tama Street, , Okayama, Kurashiki, 94065, Japan"
"Virginia Green","391 Callao Drive, , Midi-Pyrnes, Toulouse, 34021, France"
"Kathleen Adams","334 Munger (Monghyr) Lane, , Markazi, Arak, 38145, Iran"
"Pamela Baker","1440 Fukuyama Loop, , Henan, Nanyang, 47929, China"
"Martha Gonzalez","269 Cam Ranh Parkway, , Chisinau, Chisinau, 34689, Moldova"
"Debra Nelson","306 Antofagasta Place, , Esprito Santo, Vila Velha, 3989, Brazil"
"Amanda Carter","671 Graz Street, , Oriental, Nador, 94399, Morocco"
"Stephanie Mitchell","42 Brindisi Place, , Yerevan, Yerevan, 16744, Armenia"
"Carolyn Perez","1632 Bislig Avenue, , Nonthaburi, Pak Kret, 61117, Thailand"
"Christine Roberts","1447 Imus Way, , Tahiti, Faaa, 48942, French Polynesia"
"Marie Turner","1998 Halifax Drive, , Lipetsk, Lipetsk, 76022, Russian Federation"
"Janet Phillips","1718 Valencia Street, , Antofagasta, Antofagasta, 37359, Chile"
"Catherine Campbell","46 Pjatigorsk Lane, , Moscow (City), Moscow, 23616, Russian Federation"
"Frances Parker","686 Garland Manor, , Cear, Juazeiro do Norte, 52535, Brazil"
"Ann Evans","909 Garland Manor, , Tatarstan, Niznekamsk, 69367, Russian Federation"
"Joyce Edwards","725 Isesaki Place, , Mekka, Jedda, 74428, Saudi Arabia"
"Diane Collins","115 Hidalgo Parkway, , Khartum, Omdurman, 80168, Sudan"
"Alice Stewart","1135 Izumisano Parkway, , California, Fontana, 48150, United States"
"Julie Sanchez","939 Probolinggo Loop, , Galicia, A Corua (La Corua), 4166, Spain"
"Heather Morris","17 Kabul Boulevard, , Chiba, Nagareyama, 38594, Japan"
"Teresa Rogers","1964 Allappuzha (Alleppey) Street, , Yamaguchi, Iwakuni, 48980, Japan"
"Doris Reed","1697 Kowloon and New Kowloon Loop, , Moskova, Balaiha, 57807, Russian Federation"
"Gloria Cook","1668 Saint Louis Place, , Tahiti, Papeete, 39072, French Polynesia"
"Evelyn Morgan","943 Tokat Street, , Vaduz, Vaduz, 45428, Liechtenstein"
"Jean Bell","1114 Liepaja Street, , Sarawak, Kuching, 69226, Malaysia"
"Cheryl Murphy","1213 Ranchi Parkway, , Karnataka, Mysore, 94352, India"
"Mildred Bailey","81 Hodeida Way, , Rajasthan, Jaipur, 55561, India"
"Katherine Rivera","915 Ponce Place, , Basel-Stadt, Basel, 83980, Switzerland"
"Joan Cooper","1717 Guadalajara Lane, , Missouri, Saint Louis, 85505, United States"
"Ashley Richardson","1214 Hanoi Way, , Nebraska, Lincoln, 67055, United States"
"Judith Cox","1966 Amroha Avenue, , Sichuan, Daxian, 70385, China"
"Rose Howard","698 Otsu Street, , Cayenne, Cayenne, 71110, French Guiana"
"Janice Ward","1150 Kimchon Manor, , Skne ln, Malm, 96109, Sweden"
"Kelly Torres","1586 Guaruj Place, , Hunan, Xiangtan, 5135, China"
"Nicole Peterson","57 Arlington Manor, , Madhya Pradesh, Shivapuri, 48960, India"
"Judy Gray","1031 Daugavpils Parkway, , Bchar, Bchar, 59025, Algeria"
"Christina Ramirez","1124 Buenaventura Drive, , Mekka, al-Hawiya, 6856, Saudi Arabia"
"Kathy James","492 Cam Ranh Street, , Eastern Visayas, Baybay, 50805, Philippines"
"Theresa Watson","89 Allappuzha (Alleppey) Manor, , National Capital Reg, Taguig, 75444, Philippines"
"Beverly Brooks","1947 Poos de Caldas Boulevard, , Chiayi, Chiayi, 60951, Taiwan"
"Denise Kelly","1206 Dos Quebradas Place, , So Paulo, Rio Claro, 20207, Brazil"
"Tammy Sanders","1551 Rampur Lane, , Changhwa, Changhwa, 72394, Taiwan"
"Irene Price","602 Paarl Street, , Pavlodar, Pavlodar, 98889, Kazakstan"
"Jane Bennett","1692 Ede Loop, , So Paulo, Araatuba, 9223, Brazil"
"Lori Wood","936 Salzburg Lane, , Uttar Pradesh, Rae Bareli, 96709, India"
"Rachel Barnes","586 Tete Way, , Kanagawa, Kamakura, 1079, Japan"
"Marilyn Ross","1888 Kabul Drive, , Oyo & Osun, Ife, 20936, Nigeria"
"Andrea Henderson","320 Baiyin Parkway, , Mahajanga, Mahajanga, 37307, Madagascar"
"Kathryn Coleman","927 Baha Blanca Parkway, , Krim, Simferopol, 9495, Ukraine"
"Louise Jenkins","929 Tallahassee Loop, , Gauteng, Springs, 74671, South Africa"
"Sara Perry","125 Citt del Vaticano Boulevard, , Puebla, Atlixco, 67912, Mexico"
"Anne Powell","1557 Ktahya Boulevard, , England, Bradford, 88002, United Kingdom"
"Jacqueline Long","870 Ashqelon Loop, , Songkhla, Songkhla, 84931, Thailand"
"Wanda Patterson","1740 Portoviejo Avenue, , Sucre, Sincelejo, 29932, Colombia"
"Bonnie Hughes","1942 Ciparay Parkway, , Cheju, Cheju, 82624, South Korea"
"Julia Flores","1926 El Alto Avenue, , Buenos Aires, La Plata, 75543, Argentina"
"Ruby Washington","1952 Chatsworth Drive, , Guangdong, Meixian, 25958, China"
"Lois Butler","1370 Le Mans Avenue, , Brunei and Muara, Bandar Seri Begawan, 52163, Brunei"
"Tina Simmons","984 Effon-Alaiye Avenue, , Gois, Goinia, 17119, Brazil"
"Phyllis Foster","832 Nakhon Sawan Manor, , Inner Mongolia, Zalantun, 49021, China"
"Norma Gonzales","152 Kitwe Parkway, , Caraga, Bislig, 53182, Philippines"
"Paula Bryant","1697 Tanauan Lane, , Punjab, Pathankot, 22870, India"
"Diana Alexander","1308 Arecibo Way, , Georgia, Augusta-Richmond County, 30695, United States"
"Annie Russell","1599 Plock Drive, , Tete, Tete, 71986, Mozambique"
"Lillian Griffin","669 Firozabad Loop, , Abu Dhabi, al-Ayn, 92265, United Arab Emirates"
"Emily Diaz","588 Vila Velha Manor, , Kyongsangbuk, Kimchon, 51540, South Korea"
"Robin Hayes","1913 Kamakura Place, , Lipetsk, Jelets, 97287, Russian Federation"
"Peggy Myers","733 Mandaluyong Place, , Asir, Abha, 77459, Saudi Arabia"
"Crystal Ford","659 Vaduz Drive, , Ha Darom, Ashdod, 49708, Israel"
"Gladys Hamilton","1177 Jelets Way, , Kwara & Kogi, Ilorin, 3305, Nigeria"
"Rita Graham","1386 Yangor Avenue, , Provence-Alpes-Cte, Toulon, 80720, France"
"Dawn Sullivan","454 Nakhon Sawan Boulevard, , Funafuti, Funafuti, 76383, Tuvalu"
"Connie Wallace","1867 San Juan Bautista Tuxtepec Avenue, , Ivanovo, Ivanovo, 78311, Russian Federation"
"Florence Woods","1532 Dzerzinsk Way, , Buenos Aires, Merlo, 9599, Argentina"
"Tracy Cole","1002 Ahmadnagar Manor, , Mxico, Huixquilucan, 93026, Mexico"
"Edna West","682 Junan Way, , North West, Klerksdorp, 30418, South Africa"
"Tiffany Jordan","804 Elista Drive, , Hubei, Enshi, 61069, China"
"Carmen Owens","1378 Alvorada Avenue, , Distrito Federal, Caracas, 75834, Venezuela"
"Rosa Reynolds","793 Cam Ranh Avenue, , California, Lancaster, 87057, United States"
"Cindy Fisher","1079 Tel Aviv-Jaffa Boulevard, , Sucre, Cuman, 10885, Venezuela"
"Grace Ellis","442 Rae Bareli Place, , Nordrhein-Westfalen, Duisburg, 24321, Germany"
"Wendy Harrison","1107 Nakhon Sawan Avenue, , Mxico, Nezahualcyotl, 75149, Mexico"
"Victoria Gibson","544 Malm Parkway, , Central Java, Pemalang, 63502, Indonesia"
"Edith Mcdonald","1967 Sincelejo Place, , Gujarat, Gandhinagar, 73644, India"
"Kim Cruz","333 Goinia Way, , Texas, Grand Prairie, 78625, United States"
"Sherry Marshall","1987 Coacalco de Berriozbal Loop, , al-Qalyubiya, Shubra al-Khayma, 96065, Egypt"
"Sylvia Ortiz","241 Mosul Lane, , Risaralda, Dos Quebradas, 76157, Colombia"
"Josephine Gomez","211 Chiayi Drive, , Uttar Pradesh, Etawah, 58186, India"
"Thelma Murray","1175 Tanauan Way, , Lima, Lima, 64615, Peru"
"Shannon Freeman","117 Boa Vista Way, , Uttar Pradesh, Varanasi (Benares), 6804, India"
"Sheila Wells","848 Tafuna Manor, , Ktahya, Ktahya, 45142, Turkey"
"Ethel Webb","569 Baicheng Lane, , Gauteng, Boksburg, 60304, South Africa"
"Ellen Simpson","1666 Qomsheh Drive, , So Paulo, Po, 66255, Brazil"
"Elaine Stevens","801 Hagonoy Drive, , Smolensk, Smolensk, 8439, Russian Federation"
"Marjorie Tucker","1050 Garden Grove Avenue, , Slaskie, Jastrzebie-Zdrj, 4999, Poland"
"Carrie Porter","1854 Tieli Street, , Shandong, Liaocheng, 15819, China"
"Charlotte Hunter","758 Junan Lane, , Gois, guas Lindas de Gois, 82639, Brazil"
"Monica Hicks","1752 So Leopoldo Parkway, , Taka-Karpatia, Mukateve, 14014, Ukraine"
"Esther Crawford","898 Belm Manor, , Free State, Botshabelo, 49757, South Africa"
"Pauline Henry","261 Saint Louis Way, , Coahuila de Zaragoza, Torren, 83401, Mexico"
"Emma Boyd","765 Southampton Drive, , al-Qalyubiya, Qalyub, 4285, Egypt"
"Juanita Mason","943 Johannesburg Avenue, , Maharashtra, Pune, 5892, India"
"Anita Morales","788 Atinsk Street, , Karnataka, Hubli-Dharwad, 81691, India"
"Rhonda Kennedy","1749 Daxian Place, , Gelderland, Apeldoorn, 11044, Netherlands"
"Hazel Warren","1587 Sullana Lane, , Inner Mongolia, Hohhot, 85769, China"
"Amber Dixon","1029 Dzerzinsk Manor, , Ynlin, Touliu, 57519, Taiwan"
"Eva Ramos","1666 Beni-Mellal Place, , Tennessee, Clarksville, 13377, United States"
"Debbie Reyes","928 Jaffna Loop, , Hiroshima, Fukuyama, 93762, Japan"
"April Burns","483 Ljubertsy Parkway, , Scotland, Dundee, 60562, United Kingdom"
"Leslie Gordon","374 Bat Yam Boulevard, , Kilis, Kilis, 97700, Turkey"
"Clara Shaw","1027 Songkhla Manor, , Minsk, Molodetno, 30861, Belarus"
"Lucille Holmes","999 Sanaa Loop, , Gauteng, Soshanguve, 3439, South Africa"
"Jamie Rice","879 Newcastle Way, , Michigan, Sterling Heights, 90732, United States"
"Joanne Robertson","1337 Lincoln Parkway, , Saitama, Urawa, 99457, Japan"
"Eleanor Hunt","1952 Pune Lane, , Saint-Denis, Saint-Denis, 92150, Runion"
"Valerie Black","782 Mosul Street, , Massachusetts, Brockton, 25545, United States"
"Danielle Daniels","781 Shimonoseki Drive, , Michoacn de Ocampo, Hidalgo, 95444, Mexico"
"Megan Palmer","1560 Jelets Boulevard, , Shandong, Laiwu, 77777, China"
"Alicia Mills","1963 Moscow Place, , Assam, Nagaon, 64863, India"
"Suzanne Nichols","456 Escobar Way, , Jakarta Raya, Jakarta, 36061, Indonesia"
"Michele Grant","798 Cianjur Avenue, , Shanxi, Yuncheng, 76990, China"
"Gail Knight","185 Novi Sad Place, , Bern, Bern, 41778, Switzerland"
"Bertha Ferguson","1367 Yantai Manor, , Ondo & Ekiti, Ondo, 21294, Nigeria"
"Darlene Rose","1386 Nakhon Sawan Boulevard, , Pyongyang-si, Pyongyang, 53502, North Korea"
"Veronica Stone","369 Papeete Way, , North Carolina, Greensboro, 66639, United States"
"Jill Hawkins","1440 Compton Place, , North Austria, Linz, 81037, Austria"
"Erin Dunn","1623 Baha Blanca Manor, , Moskova, Ljubertsy, 81511, Russian Federation"
"Geraldine Perkins","97 Shimoga Avenue, , Tel Aviv, Tel Aviv-Jaffa, 44660, Israel"
"Lauren Hudson","1740 Le Mans Loop, , Pays de la Loire, Le Mans, 22853, France"
"Cathy Spencer","1287 Xiangfan Boulevard, , Gifu, Kakamigahara, 57844, Japan"
"Joann Gardner","842 Salzburg Lane, , Adana, Tarsus, 3313, Turkey"
"Lorraine Stephens","154 Tallahassee Loop, , Xinxiang, Hami, 62250, China"
"Lynn Payne","710 San Felipe del Progreso Avenue, , Lilongwe, Lilongwe, 76901, Malawi"
"Sally Pierce","1540 Wroclaw Drive, , Maharashtra, Chandrapur, 62686, India"
"Regina Berry","475 Atinsk Way, , Gansu, Jinchang, 59571, China"
"Erica Matthews","1294 Firozabad Drive, , Jiangxi, Pingxiang, 70618, China"
"Beatrice Arnold","1877 Ezhou Lane, , Rajasthan, Udaipur, 63337, India"
"Dolores Wagner","316 Uruapan Street, , Perak, Ipoh, 58194, Malaysia"
"Bernice Willis","29 Pyongyang Loop, , Batman, Batman, 47753, Turkey"
"Audrey Ray","1010 Klerksdorp Way, , Steiermark, Graz, 6802, Austria"
"Yvonne Watkins","1848 Salala Boulevard, , Miranda, Ocumare del Tuy, 25220, Venezuela"
"Annette Olson","431 Xiangtan Avenue, , Kerala, Allappuzha (Alleppey), 4854, India"
"June Carroll","757 Rustenburg Avenue, , Skikda, Skikda, 89668, Algeria"
"Samantha Duncan","146 Johannesburg Way, , Tamaulipas, Matamoros, 54132, Mexico"
"Marion Snyder","1891 Rizhao Boulevard, , So Paulo, Santa Brbara dOeste, 47288, Brazil"
"Dana Hart","1089 Iwatsuki Avenue, , Kirov, Kirovo-Tepetsk, 35109, Russian Federation"
"Stacy Cunningham","1410 Benin City Parkway, , Risaralda, Pereira, 29747, Colombia"
"Ana Bradley","682 Garden Grove Place, , Tennessee, Memphis, 67497, United States"
"Renee Lane","533 al-Ayn Boulevard, , California, Compton, 8862, United States"
"Ida Andrews","1839 Szkesfehrvr Parkway, , Gois, Luzinia, 55709, Brazil"
"Vivian Ruiz","741 Ambattur Manor, , Noord-Brabant, s-Hertogenbosch, 43310, Netherlands"
"Roberta Harper","927 Barcelona Street, , Chaharmahal va Bakht, Shahr-e Kord, 65121, Iran"
"Holly Fox","435 0 Way, , West Bengali, Haldia, 74750, India"
"Brittany Riley","140 Chiayi Parkway, , Sumy, Sumy, 38982, Ukraine"
"Melanie Armstrong","1166 Changhwa Street, , Caraga, Bayugan, 58852, Philippines"
"Loretta Carpenter","891 Novi Sad Manor, , Ontario, Oshawa, 5379, Canada"
"Yolanda Weaver","605 Rio Claro Parkway, , Tabora, Tabora, 49348, Tanzania"
"Jeanette Greene","1077 San Felipe de Puerto Plata Place, , Rostov-na-Donu, Novoterkassk, 65387, Russian Federation"
"Laurie Lawrence","9 San Miguel de Tucumn Manor, , Uttar Pradesh, Firozabad, 90845, India"
"Katie Elliott","447 Surakarta Loop, , Nyanza, Kisumu, 10428, Kenya"
"Kristen Chavez","345 Oshawa Boulevard, , Tokyo-to, Hino, 32114, Japan"
"Vanessa Sims","1792 Valle de la Pascua Place, , Nordrhein-Westfalen, Siegen, 15540, Germany"
"Alma Austin","1074 Binzhou Manor, , Baden-Wrttemberg, Mannheim, 36490, Germany"
"Sue Peters","817 Bradford Loop, , Jiangsu, Changzhou, 89459, China"
"Elsie Kelley","955 Bamenda Way, , Ondo & Ekiti, Ikerre, 1545, Nigeria"
"Beth Franklin","1149 A Corua (La Corua) Boulevard, , Haiphong, Haiphong, 95824, Vietnam"
"Jeanne Lawson","387 Mwene-Ditu Drive, , Ahal, Ashgabat, 8073, Turkmenistan"
"Vicki Fields","68 Molodetno Manor, , Nordrhein-Westfalen, Witten, 4662, Germany"
"Carla Gutierrez","642 Nador Drive, , Maharashtra, Bhusawal, 3924, India"
"Tara Ryan","1688 Nador Lane, , Sulawesi Utara, Gorontalo, 61613, Indonesia"
"Rosemary Schmidt","1215 Pyongyang Parkway, , Usak, Usak, 25238, Turkey"
"Eileen Carr","1679 Antofagasta Street, , Alto Paran, Ciudad del Este, 86599, Paraguay"
"Terri Vasquez","1304 s-Hertogenbosch Way, , Santa Catarina, Blumenau, 10925, Brazil"
"Gertrude Castillo","850 Salala Loop, , Kitaa, Nuuk, 10800, Greenland"
"Lucy Wheeler","624 Oshawa Boulevard, , West Bengali, Balurghat, 89959, India"
"Tonya Chapman","43 Dadu Avenue, , Rajasthan, Bhilwara, 4855, India"
"Ella Oliver","751 Lima Loop, , Aden, Aden, 99405, Yemen"
"Stacey Montgomery","1333 Haldia Street, , Jilin, Fuyu, 82161, China"
"Wilma Richards","660 Jedda Boulevard, , Washington, Bellevue, 25053, United States"
"Gina Williamson","1001 Miyakonojo Lane, , Taizz, Taizz, 67924, Yemen"
"Kristin Johnston","226 Brest Manor, , California, Sunnyvale, 2299, United States"
"Jessie Banks","1229 Valencia Parkway, , Haskovo, Stara Zagora, 99124, Bulgaria"
"Natalie Meyer","1201 Qomsheh Manor, , Gois, Aparecida de Goinia, 21464, Brazil"
"Agnes Bishop","866 Shivapuri Manor, , Uttar Pradesh, Sambhal, 22474, India"
"Vera Mccoy","1168 Najafabad Parkway, , Kabol, Kabul, 40301, Afghanistan"
"Willie Howell","1244 Allappuzha (Alleppey) Place, , Buenos Aires, Vicente Lpez, 20657, Argentina"
"Charlene Alvarez","1842 Luzinia Boulevard, , Zanzibar West, Zanzibar, 94420, Tanzania"
"Bessie Morrison","1926 Gingoog Street, , Sisilia, Syrakusa, 22824, Italy"
"Delores Hansen","810 Palghat (Palakkad) Boulevard, , Jaroslavl, Jaroslavl, 73431, Russian Federation"
"Melinda Fernandez","1820 Maring Parkway, , Punjab, Mandi Bahauddin, 88307, Pakistan"
"Pearl Garza","60 Poos de Caldas Street, , Rajasthan, Jodhpur, 82338, India"
"Arlene Harvey","1014 Loja Manor, , Tamil Nadu, Ambattur, 66851, India"
"Maureen Little","201 Effon-Alaiye Way, , Asuncin, Asuncin, 64344, Paraguay"
"Colleen Burton","430 Alessandria Loop, , Saarland, Saarbrcken, 47446, Germany"
"Allison Stanley","754 Valencia Place, , Phnom Penh, Phnom Penh, 87911, Cambodia"
"Tamara Nguyen","356 Olomouc Manor, , Gois, Anpolis, 93323, Brazil"
"Joy George","1256 Bislig Boulevard, , Botosani, Botosani, 50598, Romania"
"Georgia Jacobs","954 Kimchon Place, , West Bengali, Uttarpara-Kotrung, 42420, India"
"Constance Reid","885 Yingkou Manor, , Kaduna, Zaria, 31390, Nigeria"
"Lillie Kim","1736 Cavite Place, , Qina, Idfu, 98775, Egypt"
"Claudia Fuller","346 Skikda Parkway, , Hawalli, Jalib al-Shuyukh, 90628, Kuwait"
"Jackie Lynch","98 Stara Zagora Boulevard, , Valle, Buenaventura, 76448, Colombia"
"Marcia Dean","1479 Rustenburg Boulevard, , Southern Tagalog, Tanza, 18727, Philippines"
"Tanya Gilbert","647 A Corua (La Corua) Street, , Chollanam, Naju, 36971, South Korea"
"Nellie Garrett","1964 Gijn Manor, , Karnataka, Shimoga, 14408, India"
"Minnie Romero","47 Syktyvkar Lane, , West Java, Ciomas, 22236, Indonesia"
"Marlene Welch","1148 Saarbrcken Parkway, , Fukushima, Iwaki, 1921, Japan"
"Heidi Larson","1103 Bilbays Parkway, , Hubei, Xiangfan, 87660, China"
"Glenda Frazier","1246 Boksburg Parkway, , Hebei, Qinhuangdao, 28349, China"
"Lydia Burke","1483 Pathankot Street, , Tucumn, San Miguel de Tucumn, 37288, Argentina"
"Viola Hanson","582 Papeete Loop, , Central Visayas, Lapu-Lapu, 27722, Philippines"
"Courtney Day","300 Junan Street, , Kyonggi, Uijongbu, 81314, South Korea"
"Marian Mendoza","829 Grand Prairie Way, , Paran, Maring, 6461, Brazil"
"Stella Moreno","1473 Changhwa Parkway, , Mxico, Coacalco de Berriozbal, 75933, Mexico"
"Caroline Bowman","1309 Weifang Street, , Florida, Tallahassee, 57338, United States"
"Dora Medina","1760 Oshawa Manor, , Tianjin, Tianjin, 38140, China"
"Jo Fowler","786 Stara Zagora Way, , Oyo & Osun, Oyo, 98332, Nigeria"
"Vickie Brewer","1966 Tonghae Street, , Anhalt Sachsen, Halle/Saale, 36481, Germany"
"Mattie Hoffman","1497 Yuzhou Drive, , England, London, 3433, United Kingdom"
"Terry Carlson","752 Ondo Loop, , Miyazaki, Miyakonojo, 32474, Japan"
"Maxine Silva","1338 Zalantun Lane, , Minas Gerais, Poos de Caldas, 45403, Brazil"
"Irma Pearson","127 Iwakuni Boulevard, , Central Luzon, Hagonoy, 20777, Philippines"
"Mabel Holland","51 Laredo Avenue, , Sagaing, Monywa, 68146, Myanmar"
"Marsha Douglas","771 Yaound Manor, , Sofala, Beira, 86768, Mozambique"
"Myrtle Fleming","532 Toulon Street, , Santiago, Santiago de los Caballeros, 69517, Dominican Republic"
"Lena Jensen","1027 Banjul Place, , West Bengali, Halisahar, 50390, India"
"Christy Vargas","1158 Mandi Bahauddin Parkway, , Shanxi, Datong, 98484, China"
"Deanna Byrd","862 Xintai Lane, , Cagayan Valley, Tuguegarao, 30065, Philippines"
"Patsy Davidson","816 Cayenne Parkway, , Manab, Portoviejo, 93629, Ecuador"
"Hilda Hopkins","1831 Nam Dinh Loop, , National Capital Reg, Mandaluyong, 51990, Philippines"
"Gwendolyn May","446 Kirovo-Tepetsk Lane, , Osaka, Higashiosaka, 19428, Japan"
"Jennie Terry","682 Halisahar Place, , Severn Morava, Olomouc, 20536, Czech Republic"
"Nora Herrera","1587 Loja Manor, , Salzburg, Salzburg, 5410, Austria"
"Margie Wade","1762 Paarl Parkway, , Hunan, Lengshuijiang, 53928, China"
"Nina Soto","1519 Ilorin Place, , Kerala, Palghat (Palakkad), 49298, India"
"Cassandra Walters","920 Kumbakonam Loop, , California, Salinas, 75090, United States"
"Leah Curtis","906 Goinia Way, , Wielkopolskie, Kalisz, 83565, Poland"
"Penny Neal","1675 Xiangfan Manor, , Tamil Nadu, Kumbakonam, 11763, India"
"Kay Caldwell","85 San Felipe de Puerto Plata Drive, , Shandong, Yantai, 46063, China"
"Priscilla Lowe","144 South Hill Loop, , Guanajuato, Salamanca, 2012, Mexico"
"Naomi Jennings","1884 Shikarpur Avenue, , Haryana, Karnal, 85548, India"
"Carole Barnett","1980 Kamjanets-Podilskyi Street, , Illinois, Peoria, 89502, United States"
"Brandy Graves","1944 Bamenda Way, , Michigan, Warren, 24645, United States"
"Olga Jimenez","556 Baybay Manor, , Oyo & Osun, Ogbomosho, 55802, Nigeria"
"Billie Horton","457 Tongliao Loop, , Bursa, Inegl, 56254, Turkey"
"Dianne Shelton","600 Bradford Street, , East Azerbaidzan, Tabriz, 96204, Iran"
"Tracey Barrett","1006 Santa Brbara dOeste Manor, , Ondo & Ekiti, Owo, 36229, Nigeria"
"Leona Obrien","1308 Sumy Loop, , Fujian, Fuzhou, 30657, China"
"Jenny Castro","1405 Chisinau Place, , Ponce, Ponce, 8160, Puerto Rico"
"Felicia Sutton","226 Halifax Street, , Xinxiang, Korla, 58492, China"
"Sonia Gregory","1279 Udine Parkway, , Edo & Delta, Benin City, 75860, Nigeria"
"Miriam Mckinney","1336 Benin City Drive, , Shiga, Otsu, 46044, Japan"
"Velma Lucas","1155 Liaocheng Place, , Oyo & Osun, Effon-Alaiye, 22650, Nigeria"
"Becky Miles","1993 Tabuk Lane, , Tamil Nadu, Tambaram, 64221, India"
"Bobbie Craig","86 Higashiosaka Lane, , Guanajuato, Valle de Santiago, 33768, Mexico"
"Violet Rodriquez","1912 Allende Manor, , Kowloon and New Kowl, Kowloon and New Kowloon, 58124, Hong Kong"
"Kristina Chambers","544 Tarsus Boulevard, , Gurico, Valle de la Pascua, 53145, Venezuela"
"Toni Holt","1936 Cuman Avenue, , Virginia, Roanoke, 61195, United States"
"Misty Lambert","1192 Tongliao Street, , Sharja, Sharja, 19065, United Arab Emirates"
"Mae Fletcher","44 Najafabad Way, , Baskimaa, Donostia-San Sebastin, 61391, Spain"
"Shelly Watts","32 Pudukkottai Lane, , Ohio, Dayton, 38834, United States"
"Daisy Bates","661 Chisinau Lane, , Pietari, Kolpino, 8856, Russian Federation"
"Ramona Hale","951 Stara Zagora Manor, , Punjab, Patiala, 98573, India"
"Sherri Rhodes","922 Vila Velha Loop, , Maharashtra, Ahmadnagar, 4085, India"
"Erika Pena","898 Jining Lane, , Pohjois-Pohjanmaa, Oulu, 40070, Finland"
"James Gannon","1635 Kuwana Boulevard, , Hiroshima, Hiroshima, 52137, Japan"
"John Farnsworth","41 El Alto Parkway, , Maharashtra, Parbhani, 56883, India"
"Robert Baughman","1883 Maikop Lane, , Kaliningrad, Kaliningrad, 68469, Russian Federation"
"Michael Silverman","1908 Gaziantep Place, , Liaoning, Tiefa, 58979, China"
"William Satterfield","687 Alessandria Parkway, , Sanaa, Sanaa, 57587, Yemen"
"David Royal","827 Yuncheng Drive, , Callao, Callao, 79047, Peru"
"Richard Mccrary","913 Coacalco de Berriozbal Loop, , Texas, Arlington, 42141, United States"
"Charles Kowalski","715 So Bernardo do Campo Lane, , Kedah, Sungai Petani, 84804, Malaysia"
"Joseph Joy","1354 Siegen Street, , Rio de Janeiro, Angra dos Reis, 80184, Brazil"
"Thomas Grigsby","1191 Sungai Petani Boulevard, , Missouri, Kansas City, 9668, United States"
"Christopher Greco","1224 Huejutla de Reyes Boulevard, , Lombardia, Brescia, 70923, Italy"
"Daniel Cabral","543 Bergamo Avenue, , Minas Gerais, Ibirit, 59686, Brazil"
"Paul Trout","746 Joliet Lane, , Kursk, Kursk, 94878, Russian Federation"
"Mark Rinehart","780 Kimberley Way, , Tabuk, Tabuk, 17032, Saudi Arabia"
"Donald Mahon","1774 Yaound Place, , Hubei, Ezhou, 91400, China"
"George Linton","1957 Yantai Lane, , So Paulo, Sorocaba, 59255, Brazil"
"Kenneth Gooden","1542 Lubumbashi Boulevard, , Tel Aviv, Bat Yam, 62472, Israel"
"Steven Curley","651 Pathankot Loop, , Maharashtra, Miraj, 59811, India"
"Edward Baugh","1359 Zhoushan Parkway, , Streymoyar, Trshavn, 29763, Faroe Islands"
"Brian Wyman","1769 Iwaki Lane, , Kujawsko-Pomorskie, Bydgoszcz, 25787, Poland"
"Ronald Weiner","1145 Vilnius Manor, , Mxico, San Felipe del Progreso, 73170, Mexico"
"Anthony Schwab","1892 Nabereznyje Telny Lane, , Tutuila, Tafuna, 28396, American Samoa"
"Kevin Schuler","470 Boksburg Street, , Central, Birgunj, 97960, Nepal"
"Jason Morrissey","1427 A Corua (La Corua) Place, , Buenos Aires, Baha Blanca, 85799, Argentina"
"Matthew Mahan","479 San Felipe del Progreso Avenue, , Morelos, Cuautla, 54949, Mexico"
"Gary Coy","867 Benin City Avenue, , Henan, Yuzhou, 78543, China"
"Timothy Bunn","981 Kumbakonam Place, , Distrito Federal, Braslia, 87611, Brazil"
"Jose Andrew","1016 Iwakuni Street, , St George, Kingstown, 49833, Saint Vincent and the Grenadines"
"Larry Thrasher","663 Baha Blanca Parkway, , Adana, Adana, 33463, Turkey"
"Jeffrey Spear","1860 Taguig Loop, , West Java, Ciparay, 59550, Indonesia"
"Frank Waggoner","1816 Bydgoszcz Loop, , Dhaka, Jamalpur, 64308, Bangladesh"
"Scott Shelley","587 Benguela Manor, , Illinois, Aurora, 91590, United States"
"Eric Robert","430 Kumbakonam Drive, , Santa F, Santa F, 28814, Argentina"
"Stephen Qualls","1838 Tabriz Lane, , Dhaka, Dhaka, 1195, Bangladesh"
"Andrew Purdy","431 Szkesfehrvr Avenue, , Baki, Baku, 57828, Azerbaijan"
"Raymond Mcwhorter","503 Sogamoso Loop, , Sumqayit, Sumqayit, 49812, Azerbaijan"
"Gregory Mauldin","507 Smolensk Loop, , Sousse, Sousse, 22971, Tunisia"
"Joshua Mark","1920 Weifang Avenue, , Uttar Pradesh, Rampur, 15643, India"
"Jerry Jordon","124 al-Manama Way, , Hiroshima, Onomichi, 52368, Japan"
"Dennis Gilman","1443 Mardan Street, , Western Cape, Paarl, 31483, South Africa"
"Walter Perryman","1909 Benguela Lane, , Henan, Xinxiang, 19913, China"
"Patrick Newsom","68 Ponce Parkway, , Hanoi, Hanoi, 85926, Vietnam"
"Peter Menard","1217 Konotop Avenue, , Gelderland, Ede, 504, Netherlands"
"Harold Martino","1293 Nam Dinh Way, , Roraima, Boa Vista, 71583, Brazil"
"Douglas Graf","785 Vaduz Street, , Baja California, Mexicali, 36170, Mexico"
"Henry Billingsley","1516 Escobar Drive, , Tongatapu, Nukualofa, 46069, Tonga"
"Carl Artis","1628 Nagareyama Lane, , Central, San Lorenzo, 60079, Paraguay"
"Arthur Simpkins","1157 Nyeri Loop, , Adygea, Maikop, 56380, Russian Federation"
"Ryan Salisbury","1673 Tangail Drive, , Daugavpils, Daugavpils, 26857, Latvia"
"Roger Quintanilla","381 Kabul Way, , Taipei, Hsichuh, 87272, Taiwan"
"Joe Gilliland","953 Hodeida Street, , Southern Tagalog, Imus, 18841, Philippines"
"Juan Fraley","469 Nakhon Sawan Street, , Tuvassia, Teboksary, 58866, Russian Federation"
"Jack Foust","1378 Beira Loop, , Krasnojarsk, Zeleznogorsk, 40792, Russian Federation"
"Albert Crouse","1641 Changhwa Place, , Nord-Ouest, Bamenda, 37636, Cameroon"
"Jonathan Scarborough","1698 Southport Loop, , Hidalgo, Pachuca de Soto, 49009, Mexico"
"Justin Ngo","519 Nyeri Manor, , So Paulo, Santo Andr, 37650, Brazil"
"Terry Grissom","619 Hunuco Avenue, , Shimane, Matsue, 81508, Japan"
"Gerald Fultz","45 Aparecida de Goinia Place, , Madhya Pradesh, Satna, 7431, India"
"Keith Rico","482 Kowloon and New Kowloon Manor, , Bratislava, Bratislava, 97056, Slovakia"
"Samuel Marlow","604 Bern Place, , Jharkhand, Ranchi, 5373, India"
"Willie Markham","1623 Kingstown Drive, , Buenos Aires, Almirante Brown, 91299, Argentina"
"Ralph Madrigal","1009 Zanzibar Lane, , Arecibo, Arecibo, 64875, Puerto Rico"
"Lawrence Lawton","114 Jalib al-Shuyukh Manor, , Centre, Yaound, 60440, Cameroon"
"Nicholas Barfield","1163 London Parkway, , Par, Belm, 6066, Brazil"
"Roy Whiting","1658 Jastrzebie-Zdrj Loop, , Central, Nyeri, 96584, Kenya"
"Benjamin Varney","817 Laredo Avenue, , Jalisco, Guadalajara, 77449, Mexico"
"Bruce Schwarz","1565 Tangail Manor, , Okinawa, Okinawa, 45750, Japan"
"Brandon Huey","1912 Emeishan Drive, , Balikesir, Balikesir, 33050, Turkey"
"Adam Gooch","230 Urawa Drive, , Andhra Pradesh, Adoni, 2738, India"
"Harry Arce","1922 Miraj Way, , Esfahan, Najafabad, 13203, Iran"
"Fred Wheat","433 Florencia Street, , Chihuahua, Jurez, 91330, Mexico"
"Wayne Truong","1049 Matamoros Parkway, , Karnataka, Gulbarga, 69640, India"
"Billy Poulin","1061 Ede Avenue, , Southern Tagalog, Cabuyao, 57810, Philippines"
"Steve Mackenzie","154 Oshawa Manor, , East Java, Probolinggo, 72771, Indonesia"
"Louis Leone","1191 Tandil Drive, , Southern Tagalog, Tanauan, 6362, Philippines"
"Jeremy Hurtado","1133 Rizhao Avenue, , Pernambuco, Vitria de Santo Anto, 2800, Brazil"
"Aaron Selby","1519 Santiago de los Caballeros Loop, , East Kasai, Mwene-Ditu, 22025, Congo, The Democratic Republic of the"
"Randy Gaither","1618 Olomouc Manor, , Kurgan, Kurgan, 26385, Russian Federation"
"Howard Fortner","220 Hidalgo Drive, , Kermanshah, Kermanshah, 45298, Iran"
"Eugene Culpepper","686 Donostia-San Sebastin Lane, , Guangdong, Shenzhen, 97390, China"
"Carlos Coughlin","97 Mogiljov Lane, , Gujarat, Bhavnagar, 89294, India"
"Russell Brinson","1642 Charlotte Amalie Drive, , Slaskie, Tychy, 75442, Poland"
"Bobby Boudreau","1368 Maracabo Boulevard, , , South Hill, 32716, Anguilla"
"Victor Barkley","401 Sucre Boulevard, , New Hampshire, Manchester, 25007, United States"
"Martin Bales","368 Hunuco Boulevard, , Namibe, Namibe, 17165, Angola"
"Ernest Stepp","500 Lincoln Parkway, , Jiangsu, Huaian, 95509, China"
"Phillip Holm","102 Chapra Drive, , Ibaragi, Tama, 14073, Japan"
"Todd Tan","1793 Meixian Place, , Hmelnytskyi, Kamjanets-Podilskyi, 33535, Ukraine"
"Jesse Schilling","514 Ife Way, , Shaba, Lubumbashi, 69973, Congo, The Democratic Republic of the"
"Craig Morrell","717 Changzhou Lane, , Southern Tagalog, Cavite, 21615, Philippines"
"Alan Kahn","753 Ilorin Avenue, , Sichuan, Emeishan, 3656, China"
"Shawn Heaton","1337 Mit Ghamr Avenue, , Nakhon Sawan, Nakhon Sawan, 29810, Thailand"
"Clarence Gamez","767 Pyongyang Drive, , Osaka, Izumisano, 83536, Japan"
"Sean Douglass","614 Pak Kret Street, , Addis Abeba, Addis Abeba, 27796, Ethiopia"
"Philip Causey","954 Lapu-Lapu Way, , Moskova, Korolev, 8816, Russian Federation"
"Chris Brothers","331 Bydgoszcz Parkway, , Asturia, Gijn, 966, Spain"
"Johnny Turpin","1152 Citrus Heights Manor, , al-Qadarif, al-Qadarif, 5239, Sudan"
"Earl Shanks","168 Cianjur Manor, , Saitama, Iwatsuki, 73824, Japan"
"Jimmy Schrader","616 Hagonoy Avenue, , Krasnojarsk, Atinsk, 46043, Russian Federation"
"Antonio Meek","1190 0 Place, , Rio Grande do Sul, Bag, 10417, Brazil"
"Danny Isom","734 Bchar Place, , Punjab, Okara, 30586, Pakistan"
"Bryan Hardison","530 Lausanne Lane, , Texas, Dallas, 11067, United States"
"Tony Carranza","454 Patiala Lane, , Fukushima, Koriyama, 13496, Japan"
"Luis Yanez","1346 Mysore Drive, , Bretagne, Brest, 61507, France"
"Mike Way","990 Etawah Loop, , Tamil Nadu, Valparai, 79940, India"
"Stanley Scroggins","1266 Laredo Parkway, , Saitama, Omiya, 7664, Japan"
"Leonard Schofield","88 Nagaon Manor, , Buenos Aires, Tandil, 86868, Argentina"
"Nathan Runyon","264 Bhimavaram Manor, , St Thomas, Charlotte Amalie, 54749, Virgin Islands, U.S."
"Dale Ratcliff","1639 Saarbrcken Drive, , North West, Rustenburg, 9827, South Africa"
"Manuel Murrell","692 Amroha Drive, , Northern, Jaffna, 35575, Sri Lanka"
"Rodney Moeller","1936 Lapu-Lapu Parkway, , Bauchi & Gombe, Deba Habe, 7122, Nigeria"
"Curtis Irby","432 Garden Grove Street, , Ontario, Richmond Hill, 65630, Canada"
"Norman Currier","1445 Carmen Parkway, , West Java, Cianjur, 70809, Indonesia"
"Allen Butterfield","791 Salinas Street, , Punjab, Hoshiarpur, 40509, India"
"Marvin Yee","126 Acua Parkway, , West Bengali, Berhampore (Baharampur), 58888, India"
"Vincent Ralston","397 Sunnyvale Avenue, , Guanajuato, Allende, 55566, Mexico"
"Glenn Pullen","992 Klerksdorp Loop, , Utrecht, Amersfoort, 33711, Netherlands"
"Jeffery Pinson","966 Arecibo Loop, , Sind, Dadu, 94018, Pakistan"
"Travis Estep","289 Santo Andr Manor, , al-Sharqiya, al-Qatif, 72410, Saudi Arabia"
"Jeff East","437 Chungho Drive, , Puerto Plata, San Felipe de Puerto Plata, 59489, Dominican Republic"
"Chad Carbone","1948 Bayugan Parkway, , Bihar, Katihar, 60622, India"
"Jacob Lance","1866 al-Qatif Avenue, , California, El Monte, 89420, United States"
"Lee Hawks","1661 Abha Drive, , Tamil Nadu, Pudukkottai, 14400, India"
"Melvin Ellington","1557 Cape Coral Parkway, , Hubei, Laohekou, 46875, China"
"Alfred Casillas","1727 Matamoros Place, , Sawhaj, Sawhaj, 78813, Egypt"
"Kyle Spurlock","1269 Botosani Manor, , Guangdong, Shanwei, 47394, China"
"Francis Sikes","355 Vitria de Santo Anto Way, , Oaxaca, San Juan Bautista Tuxtepec, 81758, Mexico"
"Bradley Motley","1596 Acua Parkway, , Jharkhand, Purnea (Purnia), 70425, India"
"Jesus Mccartney","259 Ipoh Drive, , So Paulo, Guaruj, 64964, Brazil"
"Herbert Kruger","1823 Hoshiarpur Lane, , Komi, Syktyvkar, 33191, Russian Federation"
"Frederick Isbell","1404 Taguig Drive, , Okayama, Tsuyama, 87212, Japan"
"Ray Houle","740 Udaipur Lane, , Nizni Novgorod, Dzerzinsk, 33505, Russian Federation"
"Joel Francisco","287 Cuautla Boulevard, , Chuquisaca, Sucre, 72736, Bolivia"
"Edwin Burk","1766 Almirante Brown Street, , KwaZulu-Natal, Newcastle, 63104, South Africa"
"Don Bone","596 Huixquilucan Place, , Nampula, Naala-Porto, 65892, Mozambique"
"Eddie Tomlin","1351 Aparecida de Goinia Parkway, , Northern Mindanao, Ozamis, 41775, Philippines"
"Ricky Shelby","722 Bradford Lane, , Shandong, Junan, 90920, China"
"Troy Quigley","983 Santa F Way, , British Colombia, Vancouver, 47472, Canada"
"Randall Neumann","1245 Ibirit Way, , La Romana, La Romana, 40926, Dominican Republic"
"Barry Lovelace","1836 Korla Parkway, , Copperbelt, Kitwe, 55405, Zambia"
"Alexander Fennell","231 Kaliningrad Place, , Lombardia, Bergamo, 57833, Italy"
"Bernard Colby","495 Bhimavaram Lane, , Maharashtra, Dhule (Dhulia), 3, India"
"Mario Cheatham","1924 Shimonoseki Drive, , Batna, Batna, 52625, Algeria"
"Leroy Bustamante","105 Dzerzinsk Manor, , Inner Mongolia, Tongliao, 48570, China"
"Francisco Skidmore","614 Denizli Parkway, , Rio Grande do Sul, So Leopoldo, 29444, Brazil"
"Marcus Hidalgo","1289 Belm Boulevard, , Tartumaa, Tartu, 88306, Estonia"
"Micheal Forman","203 Tambaram Street, , Buenos Aires, Escobar, 73942, Argentina"
"Theodore Culp","1704 Tambaram Manor, , West Bengali, Uluberia, 2834, India"
"Clifford Bowens","207 Cuernavaca Loop, , Tatarstan, Nabereznyje Telny, 52671, Russian Federation"
"Miguel Betancourt","319 Springs Loop, , Baijeri, Erlangen, 99552, Germany"
"Oscar Aquino","956 Nam Dinh Manor, , Kerman, Sirjan, 21872, Iran"
"Jay Robb","1947 Paarl Way, , Central Java, Surakarta, 23636, Indonesia"
"Jim Rea","814 Simferopol Loop, , Sinaloa, El Fuerte, 48745, Mexico"
"Tom Milner","535 Ahmadnagar Manor, , Abu Dhabi, Abu Dhabi, 41136, United Arab Emirates"
"Calvin Martel","138 Caracas Boulevard, , Zulia, Maracabo, 16790, Venezuela"
"Alex Gresham","251 Florencia Drive, , Michoacn de Ocampo, Uruapan, 16119, Mexico"
"Jon Wiles","659 Gatineau Boulevard, , La Paz, El Alto, 28587, Bolivia"
"Ronnie Ricketts","1889 Valparai Way, , Ziguinchor, Ziguinchor, 75559, Senegal"
"Bill Gavin","1485 Bratislava Place, , Illinois, Rockford, 83183, United States"
"Lloyd Dowd","935 Aden Boulevard, , Central Java, Tegal, 64709, Indonesia"
"Tommy Collazo","76 Kermanshah Manor, , Esfahan, Qomsheh, 23343, Iran"
"Leon Bostic","734 Tanshui Avenue, , Caquet, Florencia, 70664, Colombia"
"Derek Blakely","118 Jaffna Loop, , Northern Mindanao, Gingoog, 10447, Philippines"
"Warren Sherrod","1621 Tongliao Avenue, , Irkutsk, Usolje-Sibirskoje, 22173, Russian Federation"
"Darrell Power","1844 Usak Avenue, , Nova Scotia, Halifax, 84461, Canada"
"Jerome Kenyon","1872 Toulon Loop, , OHiggins, Rancagua, 7939, Chile"
"Floyd Gandy","1088 Ibirit Place, , Jalisco, Zapopan, 88502, Mexico"
"Leo Ebert","1322 Mosul Parkway, , Shandong, Dongying, 95400, China"
"Alvin Deloach","1447 Chatsworth Place, , Chihuahua, Cuauhtmoc, 41545, Mexico"
"Tim Cary","1257 Guadalajara Street, , Karnataka, Bijapur, 33599, India"
"Wesley Bull","1469 Plock Lane, , Galicia, Ourense (Orense), 95835, Spain"
"Gordon Allard","434 Ourense (Orense) Manor, , Hodeida, Hodeida, 14122, Yemen"
"Dean Sauer","270 Tambaram Parkway, , Gauteng, Johannesburg, 9668, South Africa"
"Greg Robins","1786 Salinas Place, , Nam Ha, Nam Dinh, 66546, Vietnam"
"Jorge Olivares","1078 Stara Zagora Drive, , Aceh, Lhokseumawe, 69221, Indonesia"
"Dustin Gillette","1854 Okara Boulevard, , Drenthe, Emmen, 42123, Netherlands"
"Pedro Chestnut","421 Yaound Street, , Sumy, ostka, 11363, Ukraine"
"Derrick Bourque","1153 Allende Way, , Qubec, Gatineau, 20336, Canada"
"Dan Paine","808 Naala-Porto Parkway, , England, Stockport, 41060, United Kingdom"
"Lewis Lyman","632 Usolje-Sibirskoje Parkway, , Ha Darom, Ashqelon, 73085, Israel"
"Zachary Hite","98 Pyongyang Boulevard, , Ohio, Akron, 88749, United States"
"Corey Hauser","984 Novoterkassk Loop, , Gaziantep, Gaziantep, 28165, Turkey"
"Herman Devore","64 Korla Street, , Mwanza, Mwanza, 25145, Tanzania"
"Maurice Crawley","1785 So Bernardo do Campo Street, , Veracruz, Coatzacoalcos, 71182, Mexico"
"Vernon Chapa","698 Jelets Boulevard, , Denizli, Denizli, 2596, Turkey"
"Roberto Vu","1297 Alvorada Parkway, , Ningxia, Yinchuan, 11839, China"
"Clyde Tobias","1909 Dayton Avenue, , Guangdong, Shaoguan, 88513, China"
"Glen Talbert","1789 Saint-Denis Parkway, , Coahuila de Zaragoza, Acua, 8268, Mexico"
"Hector Poindexter","185 Mannheim Lane, , Stavropol, Pjatigorsk, 23661, Russian Federation"
"Shane Millard","184 Mandaluyong Street, , Baja California Sur, La Paz, 94239, Mexico"
"Ricardo Meador","591 Sungai Petani Drive, , Okayama, Okayama, 46400, Japan"
"Sam Mcduffie","656 Matamoros Drive, , Boyac, Sogamoso, 19489, Colombia"
"Rick Mattox","775 ostka Drive, , al-Daqahliya, Mit Ghamr, 22358, Egypt"
"Lester Kraus","1013 Tabuk Boulevard, , West Bengali, Kanchrapara, 96203, India"
"Brent Harkins","319 Plock Parkway, , Istanbul, Sultanbeyli, 26101, Turkey"
"Ramon Choate","1954 Kowloon and New Kowloon Way, , Chimborazo, Robamba, 63667, Ecuador"
"Charlie Bess","362 Rajkot Lane, , Gansu, Baiyin, 98030, China"
"Tyler Wren","1060 Tandil Lane, , Shandong, Rizhao, 72349, China"
"Gilbert Sledge","1515 Korla Way, , England, York, 57197, United Kingdom"
"Gene Sanborn","1416 San Juan Bautista Tuxtepec Avenue, , Zufar, Salala, 50592, Oman"
"Marc Outlaw","1 Valle de Santiago Avenue, , Apulia, Brindisi, 86208, Italy"
"Reginald Kinder","519 Brescia Parkway, , East Java, Madiun, 69504, Indonesia"
"Ruben Geary","414 Mandaluyong Street, , Lubelskie, Lublin, 16370, Poland"
"Brett Cornwell","1197 Sokoto Boulevard, , West Bengali, Siliguri (Shiliguri), 87687, India"
"Angel Barclay","496 Celaya Drive, , Nagano, Ueda, 90797, Japan"
"Nathaniel Adam","786 Matsue Way, , Illinois, Joliet, 37469, United States"
"Rafael Abney","48 Maracabo Place, , Central Luzon, Talavera, 1570, Philippines"
"Leslie Seward","1152 al-Qatif Lane, , Kalimantan Barat, Pontianak, 44816, Indonesia"
"Edgar Rhoads","1269 Ipoh Avenue, , Eskisehir, Eskisehir, 54674, Turkey"
"Milton Howland","758 Korolev Parkway, , Andhra Pradesh, Vijayawada, 75474, India"
"Raul Fortier","1747 Rustenburg Place, , Bihar, Chapra, 51369, India"
"Ben Easter","886 Tonghae Place, , Volgograd, Kamyin, 19450, Russian Federation"
"Chester Benner","1574 Goinia Boulevard, , Heilongjiang, Suihua, 39529, China"
"Cecil Vines","548 Uruapan Street, , Ontario, London, 35653, United Kingdom"
"Duane Tubbs","962 Tama Loop, , , Yangor, 65952, Nauru"
"Franklin Troutman","1778 Gijn Manor, , Hubei, Zaoyang, 35156, China"
"Andre Rapp","568 Dhule (Dhulia) Loop, , Coquimbo, Coquimbo, 92568, Chile"
"Elmer Noe","1768 Udine Loop, , Battambang, Battambang, 32347, Cambodia"
"Brad Mccurdy","608 Birgunj Parkway, , Taipei, Chungho, 400, Taiwan"
"Gabriel Harder","680 A Corua (La Corua) Manor, , Sivas, Sivas, 49806, Turkey"
"Ron Deluca","1949 Sanya Street, , Gumma, Isesaki, 61244, Japan"
"Mitchell Westmoreland","617 Klerksdorp Place, , Khanh Hoa, Nha Trang, 94707, Vietnam"
"Roland South","1993 0 Loop, , Liaoning, Yingkou, 41214, China"
"Arnold Havens","1176 Southend-on-Sea Manor, , Southern Tagalog, Santa Rosa, 81651, Philippines"
"Harvey Guajardo","600 Purnea (Purnia) Avenue, , Nghe An, Vinh, 18043, Vietnam"
"Adrian Clary","1986 Sivas Place, , Friuli-Venezia Giuli, Udine, 95775, Italy"
"Karl Seal","1427 Tabuk Place, , Florida, Cape Coral, 31342, United States"
"Cory Meehan","556 Asuncin Way, , Mogiljov, Mogiljov, 35364, Belarus"
"Claude Herzog","486 Ondo Parkway, , Benguela, Benguela, 35202, Angola"
"Erik Guillen","635 Brest Manor, , Andhra Pradesh, Bhimavaram, 40899, India"
"Darryl Ashcraft","166 Jinchang Street, , Buenos Aires, Ezeiza, 86760, Argentina"
"Jamie Waugh","958 Sagamihara Lane, , Mie, Kuwana, 88408, Japan"
"Neil Renner","1817 Livorno Way, , Khanh Hoa, Cam Ranh, 79401, Vietnam"
"Jessie Milam","1332 Gaziantep Lane, , Shandong, Binzhou, 22813, China"
"Christian Jung","949 Allende Lane, , Uttar Pradesh, Amroha, 67521, India"
"Javier Elrod","195 Ilorin Street, , Chari-Baguirmi, NDjamna, 49250, Chad"
"Fernando Churchill","193 Bhusawal Place, , Kang-won, Tonghae, 9750, South Korea"
"Clinton Buford","43 Vilnius Manor, , Colorado, Aurora, 79814, United States"
"Ted Breaux","183 Haiphong Street, , Jilin, Baicheng, 69953, China"
"Mathew Bolin","163 Augusta-Richmond County Loop, , Carabobo, Valencia, 33030, Venezuela"
"Tyrone Asher","191 Jos Azueta Parkway, , Ruse, Ruse, 13629, Bulgaria"
"Darren Windham","379 Lublin Parkway, , Toscana, Livorno, 74568, Italy"
"Lonnie Tirado","1658 Cuman Loop, , Sumatera Selatan, Pangkal Pinang, 51309, Indonesia"
"Lance Pemberton","454 Qinhuangdao Drive, , Tadla-Azilal, Beni-Mellal, 25866, Morocco"
"Cody Nolen","1715 Okayama Street, , So Paulo, So Bernardo do Campo, 55676, Brazil"
"Julio Noland","182 Nukualofa Drive, , Sumy, Konotop, 15414, Ukraine"
"Kelly Knott","390 Wroclaw Way, , Hainan, Sanya, 5753, China"
"Kurt Emmons","1421 Quilmes Lane, , Ishikawa, Kanazawa, 19151, Japan"
"Allan Cornish","947 Trshavn Place, , Central Luzon, Tarlac, 841, Philippines"
"Nelson Christenson","1764 Jalib al-Shuyukh Parkway, , Galicia, Santiago de Compostela, 77642, Spain"
"Guy Brownlee","346 Cam Ranh Avenue, , Zhejiang, Zhoushan, 39976, China"
"Clayton Barbee","1407 Pachuca de Soto Place, , Rio Grande do Sul, Alvorada, 26284, Brazil"
"Hugh Waldrop","904 Clarksville Drive, , Zhejiang, Haining, 52234, China"
"Max Pitt","1917 Kumbakonam Parkway, , Vojvodina, Novi Sad, 11892, Yugoslavia"
"Dwayne Olvera","1447 Imus Place, , Gujarat, Rajkot, 12905, India"
"Dwight Lombardi","1497 Fengshan Drive, , KwaZulu-Natal, Chatsworth, 63022, South Africa"
"Armando Gruber","869 Shikarpur Way, , England, Southport, 57380, United Kingdom"
"Felix Gaffney","1059 Yuncheng Avenue, , Vilna, Vilnius, 47498, Lithuania"
"Jimmie Eggleston","505 Madiun Boulevard, , Dolnoslaskie, Wroclaw, 97271, Poland"
"Everett Banda","1741 Hoshiarpur Boulevard, , al-Sharqiya, Bilbays, 22372, Egypt"
"Jordan Archuleta","1229 Varanasi (Benares) Manor, , Buenos Aires, Avellaneda, 40195, Argentina"
"Ian Still","1894 Boa Vista Way, , Texas, Garland, 77464, United States"
"Wallace Slone","1342 Sharja Way, , Sokoto & Kebbi & Zam, Sokoto, 93655, Nigeria"
"Ken Prewitt","1342 Abha Boulevard, , Bukarest, Bucuresti, 10714, Romania"
"Bob Pfeiffer","415 Pune Avenue, , Shandong, Xintai, 44274, China"
"Jaime Nettles","1746 Faaa Way, , Huanuco, Hunuco, 32515, Peru"
"Casey Mena","539 Hami Way, , Tokat, Tokat, 52196, Turkey"
"Alfredo Mcadams","1407 Surakarta Manor, , Moskova, Serpuhov, 33224, Russian Federation"
"Alberto Henning","502 Mandi Bahauddin Parkway, , Anzotegui, Barcelona, 15992, Venezuela"
"Dave Gardiner","1052 Pathankot Avenue, , Sichuan, Leshan, 77397, China"
"Ivan Cromwell","1351 Sousse Lane, , Coahuila de Zaragoza, Monclova, 37815, Mexico"
"Johnnie Chisholm","1501 Pangkal Pinang Avenue, , Mazowieckie, Plock, 943, Poland"
"Sidney Burleson","1405 Hagonoy Avenue, , Slaskie, Czestochowa, 86587, Poland"
"Byron Box","521 San Juan Bautista Tuxtepec Place, , Qaraghandy, Zhezqazghan, 95093, Kazakstan"
"Julian Vest","923 Tangail Boulevard, , Tokyo-to, Akishima, 33384, Japan"
"Isaac Oglesby","186 Skikda Lane, , Morelos, Cuernavaca, 89422, Mexico"
"Morris Mccarter","1568 Celaya Parkway, , Kaohsiung, Fengshan, 34750, Taiwan"
"Clifton Malcolm","1489 Kakamigahara Lane, , Taipei, Tanshui, 98883, Taiwan"
"Willard Lumpkin","1819 Alessandria Loop, , Campeche, Carmen, 53829, Mexico"
"Daryl Larue","1208 Tama Loop, , Ninawa, Mosul, 73605, Iraq"
"Ross Grey","951 Springs Lane, , Central Mindanao, Iligan, 96115, Philippines"
"Virgil Wofford","760 Miyakonojo Drive, , Guerrero, Jos Azueta, 64682, Mexico"
"Andy Vanhorn","966 Asuncin Way, , Hidalgo, Huejutla de Reyes, 62703, Mexico"
"Marshall Thorn","1584 Ljubertsy Lane, , England, Southampton, 22954, United Kingdom"
"Salvador Teel","247 Jining Parkway, , Banjul, Banjul, 53446, Gambia"
"Perry Swafford","773 Dallas Manor, , Buenos Aires, Quilmes, 12664, Argentina"
"Kirk Stclair","1923 Stara Zagora Lane, , Nantou, Tsaotun, 95179, Taiwan"
"Sergio Stanfield","1402 Zanzibar Boulevard, , Guanajuato, Celaya, 71102, Mexico"
"Marion Ocampo","1464 Kursk Parkway, , Shandong, Weifang, 17381, China"
"Tracy Herrmann","1074 Sanaa Parkway, , Loja, Loja, 22474, Ecuador"
"Seth Hannon","1759 Niznekamsk Avenue, , al-Manama, al-Manama, 39414, Bahrain"
"Kent Arsenault","32 Liaocheng Way, , Minas Gerais, Juiz de Fora, 1944, Brazil"
"Terrance Roush","42 Fontana Avenue, , Fejr, Szkesfehrvr, 14684, Hungary"
"Rene Mcalister","1895 Zhezqazghan Drive, , California, Garden Grove, 36693, United States"
"Eduardo Hiatt","1837 Kaduna Parkway, , Inner Mongolia, Jining, 82580, China"
"Terrence Gunderson","844 Bucuresti Place, , Liaoning, Jinzhou, 36603, China"
"Enrique Forsythe","1101 Bucuresti Boulevard, , West Greece, Patras, 97661, Greece"
"Freddie Duggan","1103 Quilmes Boulevard, , Piura, Sullana, 52137, Peru"
"Wade Delvalle","1331 Usak Boulevard, , Vaud, Lausanne, 61960, Switzerland"
"Austin Cintron","1325 Fukuyama Street, , Heilongjiang, Tieli, 27107, China"
